"sno,name"
"1,0.090465318"
"2,0.899571058"
"3,0.001757804"
"4,0.207575991"
"5,0.834019652"
"6,0.232325122"
"7,0.674585877"
"8,0.560719754"
"9,0.129665392"
"10,0.083790436"
"11,0.675692866"
"12,0.275071169"
"13,0.82948753"
"14,0.618934705"
"15,0.986035906"
"16,0.444815781"
